submission_type,company_name,therapeutic_area,date_accepted,days_in_review_so_far,p_approval_ultimate,p_approval_by_700d,est_conclusion_date,conclusion_date_earliest,conclusion_date_latest,remaining_days_p50
NDS,CAMURUS AB,Pituitary and hypothalamic hormones and analogues,2025-11,272,0.986,0.986,2026-08-28,2026-08-28,2026-10-27,28.0
SNDS,ABBVIE CORPORATION,Antineoplastic agents,2026-03,148,0.997,0.997,2026-09-01,2026-09-01,2026-11-30,32.0
SNDS,"RHYTHM PHARMACEUTICALS, INC","Antiobesity preparations, excluding diet products",2026-03,144,0.986,0.986,2026-09-05,2026-09-05,2027-02-02,36.0
SNDS,ASTRAZENECA CANADA INC,Antineoplastic agents,2026-03,142,0.998,0.998,2026-09-07,2026-09-07,2027-01-05,38.0
SNDS,BAYER INC,Antineoplastic agents,2025-11,272,0.957,0.948,2026-09-27,2026-08-28,2027-12-21,58.0
SNDS,BRISTOL-MYERS SQUIBB CANADA,Antineoplastic agents,2025-11,272,0.964,0.954,2026-09-27,2026-08-28,2027-12-21,58.0
SNDS,BRISTOL-MYERS SQUIBB CANADA,Antineoplastic agents,2025-11,272,0.964,0.954,2026-09-27,2026-08-28,2027-12-21,58.0
NDS,"CYTOKINETICS, INCORPORATED",Cardiac therapy,2025-12,242,0.981,0.981,2026-09-27,2026-09-27,2026-11-26,58.0
NDS,LUPIN LIMITED,Ophthalmologicals,2025-12,242,0.982,0.982,2026-09-27,2026-09-27,2026-11-26,58.0
NDS,MANTRA PHARMA INC.,Drugs for treatment of bone diseases,2024-07,760,0.952,0.948,2026-10-19,2026-08-20,2027-02-16,80.0
SNDS,JAMP PHARMA CORPORATION,Immunosuppressants,2024-09,698,0.958,0.952,2026-10-21,2026-08-22,2027-02-18,82.0
SNDS,SANOFI-AVENTIS CANADA INC,Other dermatological preparations,2025-11,272,0.926,0.922,2026-10-27,2026-08-28,2027-12-21,88.0
SNDS,ABBVIE CORPORATION,Immunosuppressants,2025-12,242,0.97,0.968,2026-10-27,2026-09-27,2027-11-21,88.0
SNDS,SEARCHLIGHT PHARMA INC,Sex hormones and modulators of the genital system,2025-11,272,0.966,0.966,2026-10-27,2026-08-28,2027-11-21,88.0
SNDS,JANSSEN INC,Antineoplastic agents,2025-12,242,0.963,0.96,2026-10-27,2026-09-27,2027-11-21,88.0
NDS,"SUN PHARMACEUTICAL INDUSTRIES, INC.",Immunosuppressants,2025-12,242,0.943,0.943,2026-10-27,2026-09-27,2027-01-25,88.0
NDS,JANSSEN INC,Immunosuppressants,2025-12,242,0.952,0.949,2026-10-27,2026-09-27,2027-11-21,88.0
SNDS,ELI LILLY CANADA INC,Drugs used in diabetes,2025-12,242,0.935,0.932,2026-10-27,2026-09-27,2027-12-21,88.0
SNDS,ASTRAZENECA CANADA INC,Antineoplastic agents,2025-12,242,0.975,0.973,2026-10-27,2026-09-27,2027-11-21,88.0
SNDS,MERCK CANADA INC,Antineoplastic agents,2025-12,242,0.976,0.974,2026-10-27,2026-09-27,2027-11-21,88.0
SNDS,BAYER INC,Ophthalmologicals,2025-12,242,0.975,0.972,2026-10-27,2026-09-27,2027-12-21,88.0
NDS,GLAXOSMITHKLINE INC,Antivirals for systemic use,2026-05,91,0.994,0.994,2026-10-28,2026-10-28,2027-03-27,89.0
SNDS,ABBVIE CORPORATION,Antivirals for systemic use,2026-01,211,0.979,0.976,2026-10-28,2026-10-28,2027-09-23,89.0
NDS,SEPTA PHARMACEUTICALS INC,Antineoplastic agents,2026-01,211,0.981,0.981,2026-10-28,2026-09-28,2026-11-27,89.0
NDS,BOEHRINGER INGELHEIM (CANADA) LTD LTEE,Antineoplastic agents,2026-01,211,0.983,0.977,2026-10-28,2026-08-29,2027-10-23,89.0
NDS,GLENMARK PHARMACEUTICALS CANADA INC.,Antipsoriatics,2025-07,395,0.963,0.963,2026-11-23,2026-08-25,2027-03-23,115.0
NDS,CENTRE FOR PROBE DEVELOPMENT AND COMMERCIALIZATION,Diagnostic radiopharmaceuticals,2025-09,333,0.866,0.866,2026-11-25,2026-08-27,2027-03-25,117.0
SNDS,ORGANON CANADA INC.,Antipsoriatics,2025-10,303,0.872,0.872,2026-11-25,2026-08-27,2027-05-24,117.0
NDS,BOEHRINGER INGELHEIM (CANADA) LTD LTEE,Immunosuppressants,2025-12,242,0.966,0.963,2026-11-26,2026-09-27,2027-11-21,118.0
SNDS,MERCK CANADA INC,Vaccines,2025-11,272,0.98,0.978,2026-11-26,2026-08-28,2027-11-21,118.0
NDS,XEOLAS PHARMACEUTICALS LIMITED,Drugs for acid related disorders,2026-03,152,0.927,0.927,2026-11-26,2026-08-28,2026-12-26,118.0
SNDS,FRESENIUS KABI CANADA LTD,Blood substitutes and perfusion solutions,2025-11,272,0.976,0.974,2026-11-26,2026-08-28,2027-12-21,118.0
NDS,STERIMAX INC,Other alimentary tract and metabolism products,2026-03,152,0.979,0.979,2026-11-26,2026-08-28,2028-01-20,118.0
NDS,THERATECHNOLOGIES INC,Other hematological agents,2025-12,242,0.954,0.954,2026-11-26,2026-09-27,2027-06-24,118.0
NDS,NOVO NORDISK CANADA INC,Antihemorrhagics,2025-12,242,0.888,0.886,2026-11-26,2026-09-27,2027-11-21,118.0
SNDS,GILEAD SCIENCES CANADA INC,Antineoplastic agents,2026-01,211,0.98,0.967,2026-11-27,2026-10-28,2028-02-20,119.0
NDS,ADVANZ PHARMA CANADA INC.,Drugs for obstructive airway diseases,2026-04,121,0.947,0.947,2026-11-27,2026-09-28,2027-01-26,119.0
SNDS,NOVO NORDISK CANADA INC,Drugs used in diabetes,2026-01,211,0.971,0.961,2026-11-27,2026-10-28,2028-01-21,119.0
SNDS,ELI LILLY CANADA INC,Antineoplastic agents,2026-01,211,0.975,0.966,2026-11-27,2026-10-28,2027-12-22,119.0
SNDS,GILEAD SCIENCES CANADA INC,Antineoplastic agents,2026-01,211,0.98,0.967,2026-11-27,2026-10-28,2028-02-20,119.0
SNDS,HOFFMANN-LA ROCHE LIMITED,Immunosuppressants,2026-01,211,0.978,0.966,2026-11-27,2026-10-28,2028-02-20,119.0
SNDS,GLAXOSMITHKLINE INC,Vaccines,2026-01,211,0.974,0.964,2026-11-27,2026-10-28,2028-01-21,119.0
SNDS,SANOFI-AVENTIS CANADA INC,Other dermatological preparations,2026-01,211,0.971,0.966,2026-11-27,2026-10-28,2027-12-22,119.0
NDS,ALCON CANADA INC,Ophthalmologicals,2026-02,180,0.958,0.958,2026-11-28,2026-07-31,2026-11-28,120.0
SNDS,HOFFMANN-LA ROCHE LIMITED,Antineoplastic agents,2026-06,60,0.992,0.992,2026-11-28,2026-11-28,2027-02-26,120.0
NDS,ITF THERAPEUTICS LLC,Other drugs for disorders of the musculo-skeletal system,2026-06,60,0.993,0.993,2026-11-28,2026-11-28,2026-11-28,120.0
NDS,STERIMAX INC,Anesthetics,2024-09,698,0.962,0.937,2026-12-20,2026-08-22,2027-06-18,142.0
SNDS,SANOFI-AVENTIS CANADA INC,Lipid modifying agents,2024-12,607,0.878,0.874,2026-12-21,2026-08-23,2027-05-20,143.0
SNDS,JANSSEN INC,Immunosuppressants,2025-01,576,0.978,0.962,2026-12-22,2026-08-24,2027-06-20,144.0
SNDS,ELI LILLY CANADA INC,Immunosuppressants,2026-03,152,0.967,0.964,2026-12-26,2026-12-26,2027-11-21,148.0
SNDS,BAYER INC,Contrast media,2025-12,242,0.96,0.951,2026-12-26,2026-09-27,2028-03-20,148.0
NDS,SUN PHARMA CANADA INC,Antiepileptics,2026-05,91,0.973,0.973,2026-12-27,2026-10-28,2027-02-25,149.0
NDS,AMGEN CANADA INC,Antigout preparations,2026-02,180,0.894,0.894,2026-12-28,2026-11-28,2027-11-23,150.0
SNDS,ELI LILLY CANADA INC,Drugs used in diabetes,2026-02,180,0.952,0.943,2026-12-28,2026-11-28,2028-02-21,150.0
NDS,PHARMACOSMOS A/S,All other therapeutic products,2026-02,180,0.966,0.966,2026-12-28,2026-11-28,2027-11-23,150.0
SNDS,ABBVIE CORPORATION,Immunosuppressants,2026-02,180,0.969,0.954,2026-12-28,2026-11-28,2028-04-21,150.0
SNDS,PHARMAAND GMBH,Immunostimulants,2026-02,180,0.875,0.875,2026-12-28,2026-11-28,2027-03-28,150.0
SNDS,ASTRAZENECA CANADA INC,Antineoplastic agents,2026-02,180,0.979,0.967,2026-12-28,2026-11-28,2028-04-21,150.0
NDS,EMD SERONO A DIVISION OF EMD INC CANADA,Antineoplastic agents,2026-07,30,0.993,0.993,2026-12-28,2026-12-28,2027-07-26,150.0
SNDS,JANSSEN INC,Immunosuppressants,2026-02,180,0.976,0.969,2026-12-28,2026-11-28,2028-02-21,150.0
SNDS,"ARCUTIS CANADA, INC.",Antipsoriatics,2026-02,180,0.986,0.985,2026-12-28,2026-11-28,2028-01-22,150.0
SNDS,BRISTOL-MYERS SQUIBB CANADA,Cardiac therapy,2026-07,30,0.997,0.997,2026-12-28,2026-12-28,2027-04-27,150.0
SNDS,SANOFI-AVENTIS CANADA INC,Other dermatological preparations,2026-02,180,0.952,0.948,2026-12-28,2026-11-28,2028-01-22,150.0
SNDS,BIOCRYST PHARMACEUTICALS INC,Other hematological agents,2026-03,150,0.975,0.975,2026-12-28,2026-12-28,2027-10-24,150.0
SNDS,BRISTOL-MYERS SQUIBB CANADA,Antineoplastic agents,2026-03,147,0.973,0.97,2026-12-31,2026-12-31,2027-11-26,153.0
SNDS,ELI LILLY CANADA INC,Antineoplastic agents,2026-03,145,0.967,0.965,2027-01-02,2027-01-02,2027-10-29,155.0
NDS,APOTEX INC,Ophthalmologicals,2025-01,576,0.958,0.901,2027-01-21,2026-09-23,2027-12-17,174.0
NDS,HLS THERAPEUTICS INC,Lipid modifying agents,2025-01,576,0.973,0.962,2027-01-21,2026-08-24,2027-07-20,174.0
NDS,ORIMED PHARMA INC,Ophthalmologicals,2025-01,576,0.968,0.948,2027-01-21,2026-09-23,2027-08-19,174.0
NDS,INCYTE CORPORATION,Immunosuppressants,2025-01,576,0.948,0.916,2027-01-21,2026-08-24,2027-10-18,174.0
NDS,ELI LILLY CANADA INC,Antineoplastic agents,2025-02,545,0.949,0.923,2027-01-22,2026-08-25,2027-09-19,175.0
NDS,ASTELLAS PHARMA CANADA INC,Ophthalmologicals,2025-02,545,0.946,0.924,2027-01-22,2026-08-25,2027-09-19,175.0
SNDS,JAZZ PHARMACEUTICALS IRELAND LIMITED,Antineoplastic agents,2025-08,364,0.949,0.949,2027-01-23,2026-08-26,2027-07-22,176.0
NDS,SANOFI-AVENTIS CANADA INC,Immunosuppressants,2025-08,364,0.944,0.941,2027-01-23,2026-08-26,2027-09-20,176.0
NDS,GLAXOSMITHKLINE INC,Bile and liver therapy,2025-08,364,0.916,0.915,2027-01-23,2026-08-26,2027-10-20,176.0
SNDS,ASTRAZENECA CANADA INC,Antineoplastic agents,2025-10,303,0.977,0.971,2027-01-24,2026-08-27,2027-12-20,177.0
SNDS,ASTRAZENECA CANADA INC,Drugs for obstructive airway diseases,2025-10,303,0.97,0.969,2027-01-24,2026-08-27,2027-11-20,177.0
NDS,SEARCHLIGHT PHARMA INC,Antibacterials for systemic use,2025-12,242,0.924,0.924,2027-01-25,2026-09-27,2027-12-21,178.0
NDS,NOVO NORDISK CANADA INC,Drugs used in diabetes,2026-03,152,0.962,0.959,2027-01-25,2026-12-26,2028-02-19,178.0
NDS,UCB CANADA INC,Antiepileptics,2025-11,272,0.961,0.952,2027-01-25,2026-08-28,2028-02-19,178.0
SNDS,PFIZER CANADA ULC,Antineoplastic agents,2026-04,121,0.974,0.973,2027-01-26,2027-01-26,2027-11-22,179.0
NDS,MODERNA BIOPHARMA CANADA CORPORATION,Vaccines,2026-01,211,0.632,0.63,2027-01-26,2026-09-28,2028-01-21,179.0
NDS,MODERNA BIOPHARMA CANADA CORPORATION,Vaccines,2026-01,211,0.918,0.916,2027-01-26,2026-10-28,2028-01-21,179.0
SNDS,MERCK CANADA INC,Antineoplastic agents,2026-03,151,0.98,0.979,2027-01-26,2026-12-27,2027-11-22,179.0
NDS,GE HEALTHCARE CANADA INC,Contrast media,2026-01,211,0.976,0.976,2027-01-26,2026-10-28,2028-01-21,179.0
SNDS,HOFFMANN-LA ROCHE LIMITED,Antineoplastic agents,2026-04,121,0.971,0.969,2027-01-26,2027-01-26,2027-11-22,179.0
SNDS,BRISTOL-MYERS SQUIBB CANADA,Antineoplastic agents,2026-04,121,0.974,0.972,2027-01-26,2027-01-26,2027-11-22,179.0
NDS,BRIDGEBIO EUROPE B.V.,Cardiac therapy,2026-05,91,0.966,0.966,2027-01-26,2026-10-28,2027-02-25,179.0
NDS,OTSUKA PHARMACEUTICAL CO LTD,Immunosuppressants,2026-04,121,0.984,0.981,2027-01-26,2026-11-27,2028-01-21,179.0
SNDS,JANSSEN INC,Antineoplastic agents,2026-04,121,0.981,0.98,2027-01-26,2027-01-26,2027-11-22,179.0
NDS,PHARMAAND GMBH,Antineoplastic agents,2026-02,180,0.838,0.838,2027-01-27,2026-11-28,2027-05-27,180.0
SNDS,OTSUKA PHARMACEUTICAL CO LTD,Psycholeptics,2026-03,149,0.969,0.968,2027-01-28,2026-12-29,2027-11-24,181.0
SNDS,MERCK CANADA INC,Antineoplastic agents,2026-03,146,0.98,0.979,2027-01-31,2027-01-01,2027-11-27,184.0
SNDS,ASTRAZENECA CANADA INC,Antineoplastic agents,2026-03,143,0.984,0.981,2027-02-03,2027-01-04,2028-02-28,187.0
NDS,ORIMED PHARMA INC,Analgesics,2025-01,576,0.942,0.907,2027-02-20,2026-09-23,2027-10-18,204.0
NDS,"SHANGHAI HENLIUS BIOTECH, INC.",Antineoplastic agents,2025-05,456,0.952,0.939,2027-02-20,2026-09-23,2027-10-18,204.0
NDS,ACCORD HEALTHCARE INC,Immunosuppressants,2025-05,456,0.966,0.95,2027-02-20,2026-09-23,2027-10-18,204.0
NDS,PHARMARIS CANADA INC,Drugs used in diabetes,2025-05,456,0.941,0.934,2027-02-20,2026-09-23,2027-09-18,204.0
NDS,JAMP PHARMA CORPORATION,Ophthalmologicals,2025-07,395,0.969,0.957,2027-02-21,2026-09-24,2027-11-18,205.0
NDS,XEDITON PHARMACEUTICALS INC,Psychoanaleptics,2025-08,364,0.94,0.939,2027-02-22,2026-09-25,2027-10-20,206.0
SNDS,ASTRAZENECA CANADA INC,Drugs for obstructive airway diseases,2025-10,303,0.945,0.938,2027-02-23,2026-08-27,2028-01-19,207.0
NDS,ASTRAZENECA CANADA INC,Endocrine therapy,2025-10,303,0.964,0.963,2027-02-23,2026-08-27,2027-12-20,207.0
SNDS,MERCK CANADA INC,Antineoplastic agents,2026-04,121,0.979,0.978,2027-02-25,2027-01-26,2027-12-22,209.0
NDS,ELI LILLY CANADA INC,Drugs used in diabetes,2026-01,211,0.96,0.931,2027-02-25,2026-10-28,2028-06-19,209.0
SNDS,JANSSEN INC,Antineoplastic agents,2026-05,91,0.977,0.976,2027-02-25,2027-02-25,2028-01-21,209.0
SNDS,ARGENX BV,Immunosuppressants,2026-04,121,0.96,0.96,2027-02-25,2027-01-26,2028-02-20,209.0
SNDS,NOVARTIS PHARMACEUTICALS CANADA INC,Therapeutic radiopharmaceuticals,2026-05,91,0.944,0.944,2027-02-25,2027-02-25,2027-11-22,209.0
SNDS,NOVARTIS PHARMACEUTICALS CANADA INC,Lipid modifying agents,2026-04,121,0.968,0.967,2027-02-25,2027-01-26,2028-01-21,209.0
NDS,PENDOPHARM DIVISION OF PHARMASCIENCE INC,Other hematological agents,2026-04,121,0.98,0.98,2027-02-25,2027-01-26,2028-02-20,209.0
SNDS,JAZZ PHARMACEUTICALS IRELAND LIMITED,Antineoplastic agents,2026-05,91,0.952,0.952,2027-02-25,2027-02-25,2028-02-20,209.0
NDS,ELI LILLY CANADA INC,Drugs used in diabetes,2026-01,211,0.96,0.931,2027-02-25,2026-10-28,2028-06-19,209.0
NDS,STERIMAX INC,Antibacterials for systemic use,2025-08,364,0.968,0.968,2027-03-24,2026-09-25,2027-10-20,236.0
NDS,VERITY PHARMACEUTICALS INC,Sex hormones and modulators of the genital system,2025-09,333,0.961,0.96,2027-03-25,2026-08-27,2027-10-21,237.0
NDS,BGP PHARMA ULC,Drugs used in diabetes,2025-10,303,0.968,0.958,2027-03-25,2026-08-27,2028-01-19,237.0
NDS,CURATEQ BIOLOGICS PRIVATE LIMITED,Antineoplastic agents,2025-09,333,0.939,0.932,2027-03-25,2026-09-26,2027-12-20,237.0
NDS,ORIMED PHARMA INC,Drugs used in diabetes,2025-11,272,0.953,0.942,2027-03-26,2026-08-28,2028-03-20,238.0
NDS,SEARCHLIGHT PHARMA INC,Anesthetics,2026-01,211,0.962,0.954,2027-03-27,2026-10-28,2028-04-20,239.0
NDS,ALEXION PHARMA GMBH,Immunosuppressants,2026-04,121,0.962,0.955,2027-03-27,2027-01-26,2028-04-20,239.0
NDS,SEQIRUS UK LIMITED,Vaccines,2026-04,121,0.947,0.947,2027-03-27,2027-01-26,2028-03-21,239.0
SNDS,MERCK CANADA INC,Antineoplastic agents,2026-05,91,0.976,0.975,2027-03-27,2027-02-25,2028-02-20,239.0
SNDS,LEO PHARMA INC,Other dermatological preparations,2026-05,91,0.981,0.981,2027-03-27,2027-02-25,2028-03-21,239.0
SNDS,ACCORD HEALTHCARE INC,Immunosuppressants,2026-05,91,0.987,0.987,2027-03-27,2027-02-25,2028-01-21,239.0
NDS,CIPHER PHARMACEUTICALS INC,"Ectoparasiticides, including scabicides, insecticides and repellents",2026-01,211,0.897,0.896,2027-03-27,2026-10-28,2028-04-20,239.0
NDS,GILEAD SCIENCES CANADA INC,Antineoplastic agents,2026-07,30,0.985,0.984,2027-03-28,2027-02-26,2027-12-23,240.0
SNDS,PFIZER CANADA ULC,Antineoplastic agents,2026-06,60,0.958,0.956,2027-03-28,2027-03-28,2028-02-21,240.0
SNDS,NOVO NORDISK CANADA INC,Pituitary and hypothalamic hormones and analogues,2026-06,60,0.955,0.954,2027-03-28,2027-03-28,2028-02-21,240.0
SNDS,ABBVIE CORPORATION,Immunosuppressants,2026-06,60,0.952,0.951,2027-03-28,2027-03-28,2028-02-21,240.0
SNDS,ABBVIE CORPORATION,Antineoplastic agents,2026-06,60,0.951,0.95,2027-03-28,2027-03-28,2028-01-22,240.0
NDS,SEARCHLIGHT PHARMA INC,Other dermatological preparations,2026-02,180,0.935,0.93,2027-03-28,2026-11-28,2028-04-21,240.0
NDS,ASTRAZENECA CANADA INC,Antineoplastic agents,2026-02,180,0.967,0.947,2027-03-28,2026-11-28,2028-06-20,240.0
NDS,KNIGHT THERAPEUTICS INC.,Anti-parkinson drugs,2025-07,395,0.973,0.966,2027-04-22,2026-09-24,2027-11-18,265.0
NDS,STERIMAX INC,Antibacterials for systemic use,2025-07,395,0.924,0.921,2027-04-22,2026-10-24,2027-11-18,265.0
SNDS,BAYER INC,Other gynecologicals,2025-10,303,0.965,0.949,2027-04-24,2026-08-27,2028-04-18,267.0
NDS,BGP PHARMA ULC,Ophthalmologicals,2025-11,272,0.945,0.917,2027-04-25,2026-08-28,2028-06-18,268.0
NDS,SANDOZ CANADA INCORPORATED,Antineoplastic agents,2026-04,121,0.961,0.937,2027-04-26,2027-01-26,2028-08-18,269.0
NDS,NOVARTIS PHARMACEUTICALS CANADA INC,Immunosuppressants,2026-05,91,0.971,0.963,2027-04-26,2027-02-25,2028-06-19,269.0
SNDS,PFIZER CANADA ULC,Antineoplastic agents,2026-07,30,0.976,0.975,2027-04-27,2027-04-27,2028-03-22,270.0
NDS,PHARMARIS CANADA INC,Antibacterials for systemic use,2026-02,180,0.93,0.925,2027-04-27,2026-11-28,2028-05-21,270.0
SNDS,ABBVIE CORPORATION,Immunosuppressants,2026-07,30,0.975,0.973,2027-04-27,2027-04-27,2028-04-21,270.0
SNDS,AMGEN CANADA INC,Lipid modifying agents,2026-06,60,0.968,0.966,2027-04-27,2027-03-28,2028-04-21,270.0
NDS,"SUN PHARMACEUTICAL INDUSTRIES, INC.",Antineoplastic agents,2026-06,60,0.965,0.965,2027-04-27,2027-03-28,2027-07-26,270.0
NDS,BOEHRINGER INGELHEIM (CANADA) LTD LTEE,Antineoplastic agents,2026-07,30,0.973,0.969,2027-04-27,2027-02-26,2028-05-21,270.0
SNDS,JANSSEN INC,Immunosuppressants,2026-07,30,0.983,0.982,2027-04-27,2027-04-27,2028-03-22,270.0
SNDS,MODERNA BIOPHARMA CANADA CORPORATION,Vaccines,2026-07,30,0.973,0.973,2027-04-27,2027-04-27,2028-04-21,270.0
SNDS,"MIRUM PHARMACEUTICALS, INC.",Bile and liver therapy,2026-07,30,0.979,0.979,2027-04-27,2027-04-27,2027-11-23,270.0
SNDS,"ARCUTIS CANADA, INC.",Antipsoriatics,2025-10,303,0.98,0.972,2027-05-24,2026-08-27,2028-03-19,297.0
NDS,AMGEN CANADA INC,Antineoplastic agents,2026-03,152,0.954,0.918,2027-05-25,2026-12-26,2028-10-16,298.0
SNDS,THERATECHNOLOGIES INC,Lipid modifying agents,2026-07,30,0.968,0.968,2027-05-27,2027-04-27,2028-01-22,300.0
SNDS,NEURIM PHARMACEUTICALS LTD.,Psycholeptics,2026-07,30,0.968,0.968,2027-05-27,2027-04-27,2027-11-23,300.0
SNDS,ORGANON CANADA INC.,Sex hormones and modulators of the genital system,2026-07,30,0.945,0.945,2027-05-27,2027-04-27,2027-08-25,300.0
NDS,EMD SERONO A DIVISION OF EMD INC CANADA,Antineoplastic agents,2026-06,60,0.915,0.912,2027-05-27,2027-03-28,2028-06-20,300.0
SNDS,OCTAPHARMA PHARMAZEUTIKA PRODUKTIONSGES M B H,Antihemorrhagics,2025-10,303,0.955,0.948,2027-06-23,2026-08-27,2028-02-18,327.0
NDS,SEARCHLIGHT PHARMA INC,Sex hormones and modulators of the genital system,2026-05,91,0.952,0.95,2027-06-25,2027-02-25,2028-05-20,329.0
NDS,RECORDATI RARE DISEASES CANADA INC,Immunosuppressants,2026-06,60,0.94,0.936,2027-06-26,2027-03-28,2028-07-20,330.0
NDS,ASTRAZENECA CANADA INC,Antihypertensives,2026-06,60,0.946,0.945,2027-06-26,2027-03-28,2028-07-20,330.0
NDS,OTSUKA PHARMACEUTICAL CO LTD,Psychoanaleptics,2026-06,60,0.931,0.93,2027-06-26,2027-03-28,2028-07-20,330.0
NDS,BAYER INC,Antithrombotic agents,2026-07,30,0.976,0.974,2027-06-26,2027-04-27,2028-07-20,330.0
NDS,LABORATOIRES THEA,Ophthalmologicals,2025-10,303,0.951,0.92,2027-07-23,2026-09-26,2028-06-17,357.0
NDS,LUPIN PHARMA CANADA LIMITED,Psychoanaleptics,2026-05,91,0.962,0.959,2027-07-25,2027-02-25,2028-06-19,359.0
NDS,BIOSIMILAR COLLABORATIONS IRELAND LIMITED,Antineoplastic agents,2026-01,211,0.947,0.894,2027-07-25,2026-10-28,2028-11-16,359.0
NDS,VERTEX PHARMACEUTICALS (CANADA) INCORPORATED,Analgesics,2026-05,91,0.968,0.967,2027-07-25,2027-02-25,2028-06-19,359.0
NDS,INCYTE CORPORATION,Immunosuppressants,2026-07,30,0.971,0.962,2027-07-26,2027-04-27,2028-09-18,360.0
NDS,IPSEN BIOPHARM LIMITED,Muscle relaxants,2026-07,30,0.976,0.975,2027-07-26,2027-04-27,2028-07-20,360.0
NDS,ISOLOGIC INNOVATIVE RADIOPHARMACEUTICALS LTD.,Cardiac therapy,2026-05,91,0.889,0.889,2027-08-24,2027-02-25,2028-02-20,389.0
NDS,TAKEDA CANADA INC,Psychoanaleptics,2026-07,30,0.97,0.967,2027-08-25,2027-04-27,2028-09-18,390.0
NDS,PHARMARIS CANADA INC,Antibacterials for systemic use,2026-04,121,0.909,0.905,2027-10-23,2027-01-26,2028-08-18,449.0
NDS,CELLTRION INC,Immunosuppressants,2026-07,30,0.959,0.938,2027-10-24,2027-04-27,2028-12-17,450.0
NDS,CURATEQ BIOLOGICS PRIVATE LIMITED,Immunostimulants,2026-06,60,0.952,0.949,2027-10-24,2027-03-28,2028-07-20,450.0
