flag,n_with,median_review_days_with,median_review_days_without,approval_rate_with,approval_rate_without
biosimilar,150,319.5,299.0,0.9,0.9142857142857143
extraordinary_use,8,300.0,299.0,1.0,0.9124087591240876
third_party_data,56,300.0,299.0,0.8214285714285714,0.9163810829335161
hta_aligned,321,299.0,300.0,0.9314641744548287,0.9078726968174204
new_active_substance,456,299.0,300.0,0.8969298245614035,0.9197355996222851
access_consortium,49,299.0,299.0,0.8775510204081632,0.9140518417462483
is_supplemental,707,298.0,300.0,0.9462517680339463,0.8836633663366337
project_orbis_c,32,251.5,299.0,0.96875,0.9116655428186109
noc_c,77,239.0,300.0,0.948051948051948,0.9109874826147427
project_orbis_b,41,236.0,299.0,0.975609756097561,0.9111261872455902
priority_review,220,179.0,300.0,0.990909090909091,0.8996138996138996
project_orbis_a,34,175.0,300.0,1.0,0.9108710330857529
covid19,69,120.0,300.0,0.7101449275362319,0.9225449515905948
