feature,mean_abs_shap
priority_review,0.107717775
covid19,0.053197213
therapeutic_area_freq,0.023448447
biosimilar,0.02023012
is_supplemental,0.01961464
accept_year,0.018941868
company_name_freq,0.016759891
noc_c,0.015387642
project_orbis_a,0.0078926245
hta_aligned,0.0061386833
accept_month,0.0055737006
third_party_data,0.0033379255
new_active_substance,0.0023981174
project_orbis_b,0.0019194618
n_ingredients,0.001733559
accept_quarter,0.0011598992
access_consortium,0.0006965846
extraordinary_use,0.0001219483
project_orbis_c,0.0
